match_id,n_matches,n_touches,team_length_m,team_width_m,centroid_spread_m,block_height_m,n_players,phase,match_date,match_week,competition_stage,home_team,away_team,home_score,away_score
3881488,1,409,33.97602124183007,38.9375,15.514756539590886,-16.429854762572635,10,out_of_possession,2023-03-27,1,Regular Season,Angel City,NJ/NY Gotham FC,1,2
3881492,1,335,39.32875,30.918412698412702,15.344757702062775,-6.319695020499617,10,out_of_possession,2023-04-02,2,Regular Season,NJ/NY Gotham FC,Seattle Reign,0,2
3881497,1,295,47.31400462962963,42.43193609022556,19.675548415386277,-7.152007476844885,10,out_of_possession,2023-04-16,3,Regular Season,Orlando Pride,NJ/NY Gotham FC,0,2
3881503,1,515,29.92833333333333,43.862705018359854,16.517164039496894,-2.5010635721472907,10,out_of_possession,2023-04-23,4,Regular Season,NJ/NY Gotham FC,North Carolina Courage,1,0
3881512,1,301,35.93051282051282,38.46636363636364,14.97309871171007,-8.36351559624586,10,out_of_possession,2023-04-30,5,Regular Season,KC Current,NJ/NY Gotham FC,2,0
3881518,1,415,32.38455592105263,47.23171602787457,17.45644364256562,-2.0246405265011407,10,out_of_possession,2023-05-08,6,Regular Season,Chicago Red Stars,NJ/NY Gotham FC,1,2
3881523,1,352,40.33963414634146,42.22027272727273,16.641145288736116,-13.966240882981007,10,out_of_possession,2023-05-15,7,Regular Season,NJ/NY Gotham FC,Orlando Pride,0,0
3881530,1,340,39.37350852272727,40.45706896551724,18.958524201818566,-7.9565756311819245,10,out_of_possession,2023-05-22,8,Regular Season,Seattle Reign,NJ/NY Gotham FC,1,4
3881536,1,325,38.29742424242424,48.81705570291777,20.016609800402758,-10.452127383918764,10,out_of_possession,2023-05-29,9,Regular Season,Washington Spirit,NJ/NY Gotham FC,1,1
3881539,1,289,33.3714342948718,39.05325,15.169209456681351,-4.445911229390235,10,out_of_possession,2023-06-05,10,Regular Season,NJ/NY Gotham FC,San Diego Wave,0,1
3881548,1,337,33.83262483130904,47.309740740740736,19.798763369588215,-10.600999488684735,10,out_of_possession,2023-06-12,11,Regular Season,Houston Dash,NJ/NY Gotham FC,1,1
3881550,1,264,41.18106060606061,36.34780303030303,17.33900729410867,-7.9203107256056,10,out_of_possession,2023-06-18,12,Regular Season,Racing Louisville FC,NJ/NY Gotham FC,2,0
3881559,1,290,34.03586956521739,40.023739316239315,16.65817792514573,-1.1719282058065985,10,out_of_possession,2023-06-26,13,Regular Season,NJ/NY Gotham FC,Chicago Red Stars,2,1
3881562,1,322,40.82083333333333,47.371916666666664,18.276821266865934,-5.077590276073829,10,out_of_possession,2023-07-03,14,Regular Season,NJ/NY Gotham FC,Angel City,0,0
3881570,1,332,46.21889534883721,40.51997222222222,16.846856356425032,-11.456634662897056,10,out_of_possession,2023-07-10,15,Regular Season,NJ/NY Gotham FC,Portland Thorns,2,1
3881574,1,263,45.20201612903226,45.96763440860215,18.020824342650936,-9.608052273080729,10,out_of_possession,2023-08-20,16,Regular Season,San Diego Wave,NJ/NY Gotham FC,2,1
3881581,1,280,51.26479743083004,42.9065,21.26983870969167,-4.71840706780077,10,out_of_possession,2023-08-28,17,Regular Season,NJ/NY Gotham FC,Racing Louisville FC,0,0
3881588,1,384,39.236304347826085,39.29833333333333,15.216025419210412,-8.381215460853898,10,out_of_possession,2023-09-03,18,Regular Season,North Carolina Courage,NJ/NY Gotham FC,3,3
3881594,1,328,39.88607954545454,43.20727083333334,19.104736924242108,-3.194289453650279,10,out_of_possession,2023-09-17,19,Regular Season,NJ/NY Gotham FC,Washington Spirit,2,0
3881601,1,212,49.46731481481481,46.76511111111111,20.25753256556457,-9.55440539452496,10,out_of_possession,2023-10-02,20,Regular Season,NJ/NY Gotham FC,Houston Dash,0,2
3881603,1,295,33.6875,36.65058333333334,14.857580774254949,-10.805654900992018,10,out_of_possession,2023-10-08,21,Regular Season,Portland Thorns,NJ/NY Gotham FC,1,0
3881612,1,418,50.626000000000005,46.369992668621705,19.108604394069225,-1.0457156054543149,10,out_of_possession,2023-10-15,22,Regular Season,NJ/NY Gotham FC,KC Current,2,2
3914645,1,476,35.265073529411765,49.47181402439024,17.08947814170946,0.825832896082775,10,out_of_possession,2023-10-23,23,1st Round,North Carolina Courage,NJ/NY Gotham FC,0,2
3915111,1,501,28.06526930894309,48.13997368421053,15.457055685936032,-11.717385875369242,10,out_of_possession,2023-11-06,24,Semi-finals,Portland Thorns,NJ/NY Gotham FC,0,1
3915998,1,370,32.09686085972851,31.832935897435895,15.157844192069273,-4.230831542232278,10,out_of_possession,2023-11-12,25,Final,Seattle Reign,NJ/NY Gotham FC,1,2
3881488,1,1058,38.335545982482856,49.082593965606016,19.09760788063875,6.283700165433178,10,in_possession,2023-03-27,1,Regular Season,Angel City,NJ/NY Gotham FC,1,2
3881492,1,1329,38.707507575757575,52.37800619955551,20.49312879677618,-0.4285952830964626,10,in_possession,2023-04-02,2,Regular Season,NJ/NY Gotham FC,Seattle Reign,0,2
3881497,1,1425,41.83228512940052,39.289294308943084,19.452341022845122,7.400953685971653,10,in_possession,2023-04-16,3,Regular Season,Orlando Pride,NJ/NY Gotham FC,0,2
3881503,1,1394,43.82771381578947,47.317416225749554,20.682568837047572,5.938950013315866,10,in_possession,2023-04-23,4,Regular Season,NJ/NY Gotham FC,North Carolina Courage,1,0
3881512,1,1480,40.690364583333334,43.7951014272499,17.662757990950197,3.4648460051477743,10,in_possession,2023-04-30,5,Regular Season,KC Current,NJ/NY Gotham FC,2,0
3881518,1,1347,39.664232488822655,51.162307568438,19.193313223255185,0.20295498169074305,10,in_possession,2023-05-08,6,Regular Season,Chicago Red Stars,NJ/NY Gotham FC,1,2
3881523,1,1498,38.865058353002894,47.98421408327883,18.18025145987781,-0.14244756135112033,10,in_possession,2023-05-15,7,Regular Season,NJ/NY Gotham FC,Orlando Pride,0,0
3881530,1,1488,36.27381578947369,47.91605446174944,17.42371217885504,5.096208643331783,10,in_possession,2023-05-22,8,Regular Season,Seattle Reign,NJ/NY Gotham FC,1,4
3881536,1,1354,39.17993630573248,48.373349233269735,19.519417562013693,4.56374524183731,10,in_possession,2023-05-29,9,Regular Season,Washington Spirit,NJ/NY Gotham FC,1,1
3881539,1,1610,33.09021486107006,51.286792042042045,19.20248418034263,6.871033837282468,10,in_possession,2023-06-05,10,Regular Season,NJ/NY Gotham FC,San Diego Wave,0,1
3881548,1,1123,27.62133243385547,49.46319520366778,16.58362455776229,-5.397523858524478,10,in_possession,2023-06-12,11,Regular Season,Houston Dash,NJ/NY Gotham FC,1,1
3881550,1,1487,41.137076271186444,38.588881213211245,16.738741011249026,2.199094515389831,10,in_possession,2023-06-18,12,Regular Season,Racing Louisville FC,NJ/NY Gotham FC,2,0
3881559,1,1593,37.567812865497075,50.42417248603352,18.951219845130307,4.177732006006453,10,in_possession,2023-06-26,13,Regular Season,NJ/NY Gotham FC,Chicago Red Stars,2,1
3881562,1,1200,33.636805555555554,44.59471882224942,16.518844069541537,2.682790797668619,10,in_possession,2023-07-03,14,Regular Season,NJ/NY Gotham FC,Angel City,0,0
3881570,1,1399,43.787123161764704,47.21470745298352,18.793806463245545,5.260153457650793,10,in_possession,2023-07-10,15,Regular Season,NJ/NY Gotham FC,Portland Thorns,2,1
3881574,1,1760,42.04084952204749,39.956762026060545,17.670209999361003,4.07553750157445,10,in_possession,2023-08-20,16,Regular Season,San Diego Wave,NJ/NY Gotham FC,2,1
3881581,1,1746,36.801346153846154,41.06075034340659,16.900593917424036,6.222177857743121,10,in_possession,2023-08-28,17,Regular Season,NJ/NY Gotham FC,Racing Louisville FC,0,0
3881588,1,1289,32.36589273761714,44.63633333333334,17.713752705475276,2.932323218352839,10,in_possession,2023-09-03,18,Regular Season,North Carolina Courage,NJ/NY Gotham FC,3,3
3881594,1,1418,34.21170499461013,45.765366509310255,16.89826691215393,4.034083404213773,10,in_possession,2023-09-17,19,Regular Season,NJ/NY Gotham FC,Washington Spirit,2,0
3881601,1,1588,38.130560411810414,37.08262654078153,16.025373364465075,5.824168141667913,10,in_possession,2023-10-02,20,Regular Season,NJ/NY Gotham FC,Houston Dash,0,2
3881603,1,1503,40.75570157591003,39.64654022988506,16.479655423386692,6.5413117875635525,10,in_possession,2023-10-08,21,Regular Season,Portland Thorns,NJ/NY Gotham FC,1,0
3881612,1,1524,42.099915540540536,49.041228120903696,19.13199713447341,5.876462841032282,10,in_possession,2023-10-15,22,Regular Season,NJ/NY Gotham FC,KC Current,2,2
3914645,1,1457,43.065312500000005,47.62279595540576,18.96864828879072,3.1664503940504654,10,in_possession,2023-10-23,23,1st Round,North Carolina Courage,NJ/NY Gotham FC,0,2
3915111,1,1900,40.573945866578015,46.18389338125187,18.857630216260326,5.186192773118127,10,in_possession,2023-11-06,24,Semi-finals,Portland Thorns,NJ/NY Gotham FC,0,1
3915998,1,1429,38.92044837694061,51.662576392905336,21.974136711483176,1.0350073928147208,10,in_possession,2023-11-12,25,Final,Seattle Reign,NJ/NY Gotham FC,1,2
